2363433, salp carcass
2417051, salp carcass
2443782, salp carcass
2447449, salp carcass
2490361, salp carcass
2325658, salp carcass
2523973, bedding
2507300, salp carcass
2383500, salp carcass
2465470, salp carcass
2422311, salp carcass
2288312, salp carcass
2256726, salp carcass
2304360, salp carcass
2443704, salp carcass
2469353, salp carcass
2404941, manipulator
2486820, LRJ complex
2498982, Neptunea-Buccinum Complex
2465268, Neptunea-Buccinum Complex
2257650, manipulator
2434474, Neptunea-Buccinum Complex
2282626, plastic bag
2312514, plastic bag
2257914, whale carcass
2312632, Neptunea-Buccinum Complex
2283754, wood fall experiment
2400830, trash
2273700, LRJ complex
2503504, Suction Sampler
2459713, Neptunea-Buccinum Complex
2459713, Neptunea-Buccinum Complex
2459713, Neptunea-Buccinum Complex
2459713, Neptunea-Buccinum Complex
2320356, Neptunea-Buccinum Complex
2320356, Neptunea-Buccinum Complex
2320356, Neptunea-Buccinum Complex
2523423, manipulator
2279074, Neptunea-Buccinum Complex
2279074, Neptunea-Buccinum Complex
2473558, Eye-in-the-Sea
2451276, eggcase
2328288, rope fishing trap
2451052, eggcase
2380383, Suction Sampler
2350912, Neptunea-Buccinum Complex
2350912, Neptunea-Buccinum Complex
2350912, Neptunea-Buccinum Complex
2439254, eggcase
2439254, eggcase
2439254, eggcase
2439254, eggcase
2439254, eggcase
2439254, eggcase
2439254, eggcase
2439254, eggcase
2439254, eggcase
2439254, eggcase
2439254, eggcase
2439254, eggcase
2439254, eggcase
2439254, eggcase
2439254, eggcase
2439254, eggcase
2354759, Phyllospadix-Zostera detritus
2340728, swing arm
2434276, ledge
2434276, ledge
2349380, bottle
2300806, manipulator
2300444, cable
2300444, manipulator
2329972, equipment
2477428, LRJ complex
2408538, eggcase
2408538, eggcase
2408538, eggcase
2408538, eggcase
2408538, eggcase
2408538, eggcase
2408538, eggcase
2408538, eggcase
2408538, eggcase
2408538, eggcase
2461221, manipulator
2367890, manipulator
2265470, LRJ complex
2265470, LRJ complex
2265470, LRJ complex
2265470, LRJ complex
2265470, LRJ complex
2469139, eggcase
2469139, eggcase
2469139, eggcase
2469139, eggcase
2498020, eggcase
2498020, eggcase
2498020, eggcase
2498020, eggcase
2498020, eggcase
2481374, eggcase
2481374, eggcase
2481374, eggcase
2257916, manipulator
2408938, eggcase
2408938, eggcase
2408938, eggcase
2408938, eggcase
2408938, eggcase
2408938, eggcase
2408938, eggcase
2487208, eggcase
2487208, eggcase
2487208, eggcase
2487208, eggcase
2487208, eggcase
2487208, eggcase
2487208, eggcase
2487208, eggcase
2384194, eggcase
2384194, eggcase
2384194, eggcase
2384194, eggcase
2384194, eggcase
2384194, eggcase
2332606, Neptunea-Buccinum Complex
2464100, eggcase
2464100, eggcase
2464100, eggcase
2464100, eggcase
2495520, manipulator
2380117, Neptunea-Buccinum Complex
2380117, Neptunea-Buccinum Complex
2380117, Neptunea-Buccinum Complex
2274928, eggcase
2274928, eggcase
2274928, eggcase
2274928, eggcase
2452324, Neptunea-Buccinum Complex
2452324, Neptunea-Buccinum Complex
2300112, kelp holdfast
2329560, Suction Sampler
2312672, marine organism
2481682, Suction Sampler
2409488, LRJ complex
2409488, plastic bag
2296879, Suction Sampler
2257646, Suction Sampler
2317153, Suction Sampler
2410168, Suction Sampler
2464960, Suction Sampler
2379617, 55-gallon drum
2261175, 55-gallon drum
2271606, 55-gallon drum
2287062, 55-gallon drum
2257904, 55-gallon drum
2516204, 55-gallon drum
2296157, 55-gallon drum
2296259, wood
2459655, 55-gallon drum
2328250, 55-gallon drum
2366906, 55-gallon drum
2498832, 55-gallon drum
2431557, 55-gallon drum
2320108, LRJ complex
2387777, 55-gallon drum
2283326, eggcase
2388533, metal
2358681, 55-gallon drum
2486098, Suction Sampler
2279592, Suction Sampler
2468375, Suction Sampler
2353765, cage
2410442, Suction Sampler
2320450, Suction Sampler
2333020, Suction Sampler
2359219, Suction Sampler
2478778, Suction Sampler
2375810, Suction Sampler
2321422, Suction Sampler
2291736, Suction Sampler
2346587, Neptunea-Buccinum Complex
2392485, Suction Sampler
2519963, Suction Sampler
2519963, manipulator
2396527, Suction Sampler
2520177, Push Corer
2520177, Push Corer
2520177, Push Corer
2525189, Suction Sampler
2405531, Suction Sampler
2275032, Suction Sampler
2435624, Suction Sampler
2435434, Suction Sampler
2414312, trap
2498094, Suction Sampler
2529069, Suction Sampler
2417551, Suction Sampler
2465000, Suction Sampler
2532906, Suction Sampler
2258526, Suction Sampler
2258526, manipulator
2287000, trap
2363233, Push Corer
2363233, Push Corer
2363233, Push Corer
2363233, manipulator
2363233, Push Corer
2363233, Push Corer
2363233, Push Corer
2294979, Suction Sampler
2409386, Phyllospadix-Zostera detritus
2409386, wood
2266972, rock
2266972, rock
2266972, rock
2266972, rock
2448211, Suction Sampler
2376538, Suction Sampler
2498216, Suction Sampler
2495452, Suction Sampler
2524565, Suction Sampler
2278848, Suction Sampler
2374906, Suction Sampler
2489737, Suction Sampler
2393293, Suction Sampler
2380583, military apparatus
2338347, LRJ complex
2482662, eggcase
2473000, manipulator
2418095, eggcase
2414678, manipulator
2490241, military apparatus
2486666, LRJ complex
2362199, manipulator
2439574, military apparatus
2511559, Neptunea-Buccinum Complex
2511559, Neptunea-Buccinum Complex
2511559, Neptunea-Buccinum Complex
2447255, manipulator
2325148, LRJ complex
2354525, rubber
2279544, Suction Sampler
2511139, LRJ complex
2287966, LRJ complex
2503954, LRJ complex
2413764, LRJ complex
2396189, manipulator
2446919, eggs
2478318, Bird water sampler
2478318, Bird water sampler
2478318, Bird water sampler
2460273, Neptunea-Buccinum Complex
2447569, eggcase
2528433, DeepPIV 3.0
2341728, Suction Sampler
2435810, DeepPIV 2.0
2435810, anchor
2507322, Suction Sampler
2477032, Suction Sampler
2370541, Suction Sampler
2477388, shell
2477388, shell
2451064, LRJ complex
2321412, tether
2404753, outer filter
2404753, outer filter
2265492, wood
2506726, manipulator
2375978, manipulator
2350038, 55-gallon drum
2279620, 55-gallon drum
2256842, LRJ complex
2495202, trash
2447757, 55-gallon drum
2286894, can
2273760, LRJ complex
2315821, LRJ complex
2367910, LRJ complex
2499754, LRJ complex
2341398, Suction Sampler
2417287, Neptunea-Buccinum Complex
2383380, can
2481806, Neptunea-Buccinum Complex
2481806, Neptunea-Buccinum Complex
2435814, manipulator
2338363, Larval Sampler
2338363, Larval Sampler
2341668, Suction Sampler
2493768, LRJ complex
2493768, LRJ complex
2493768, Suction Sampler
2493768, LRJ complex
2491103, can
2532744, Neptunea-Buccinum Complex
2532744, Neptunea-Buccinum Complex
2532744, Neptunea-Buccinum Complex
2532744, Neptunea-Buccinum Complex
2532744, Neptunea-Buccinum Complex
2532744, Neptunea-Buccinum Complex
2532744, Neptunea-Buccinum Complex
2387757, rock
2299194, Neptunea-Buccinum Complex
