['media_450658_frame_7702.jpeg', '', '', '', '', 'Euryalidae']
['media_451523_frame_4495.jpeg', '', '', '', '', 'Chrysogorgia geniculata']
['media_451332_frame_6623.jpeg', '', '', '', '', 'Keratoisidinae']
['media_447680_frame_8151.jpeg', '', '', '', '', 'Comatulida']
['media_450655_frame_2877.jpeg', '', '', '', '', 'Trissopathes sp.']
['media_450651_frame_4495.jpeg', '', '', '', '', 'Ophiocreas oedipus']
['media_447678_frame_3536.jpeg', '', '', '', '', 'Calyptrophora angularis']
['media_450650_frame_569.jpeg', '', '', '', '', 'Trissopathes sp.']
['media_450648_frame_5814.jpeg', '', '', '', '', 'Acanthogorgia sp.']
['media_451468_frame_6323.jpeg', '', '', '', '', 'Uroptychus sp.']
['media_451216_frame_8031.jpeg', '', '', '', '', 'Parantipathes sp.']
['media_451426_frame_2577.jpeg', '', '', '', '', 'Chrysogorgia sp.']
['media_451458_frame_2877.jpeg', '', '', '', '', 'Anthomastus sp.']
['media_450514_frame_2817.jpeg', '', '', '', '', 'Chrysogorgia sp.']
['media_451403_frame_1168.jpeg', '', '', '', '', 'Uroptychus sp.']
['media_451403_frame_2457.jpeg', '', '', '', '', 'Lebbeus sp.']
['media_450515_frame_6473.jpeg', '', '', '', '', 'Alternatipathes sp.']
['media_451413_frame_959.jpeg', '', '', '', '', 'Pleurogorgia militaris']
['media_451403_frame_2457.jpeg', '', '', '', '', 'Ophiacanthidae']
['media_451421_frame_5304.jpeg', '', '', '', '', 'Alternatipathes sp.']
['media_447484_frame_8871.jpeg', '', '', '', '', 'Chrysogorgia sp.']
['media_447403_frame_239.jpeg', '', '', '', '', 'Chrysogorgia sp.']
['media_450505_frame_8211.jpeg', '', '', '', '', 'Pleurogorgia militaris']
['media_451368_frame_8151.jpeg', '', '', '', '', 'Hemicorallium sp.']
['media_451405_frame_689.jpeg', '', '', '', '', 'Uroptychus sp.']
['media_451366_frame_3566.jpeg', '', '', '', '', 'Hemicorallium sp.']
['media_450505_frame_1558.jpeg', '', '', '', '', 'Uroptychus sp.']
['media_450505_frame_5124.jpeg', '', '', '', '', 'Uroptychus sp.']
['media_447403_frame_7432.jpeg', '', '', '', '', 'Comatulida']
['media_450506_frame_5154.jpeg', '', '', '', '', 'Chrysogorgia sp.']
['media_450894_frame_7042.jpeg', '', '', '', '', 'Aplacophora']
['media_450924_frame_6443.jpeg', '', '', '', '', 'Uroptychus sp.']
['media_450940_frame_7582.jpeg', '', '', '', '', 'Uroptychus sp.']
['media_450902_frame_7552.jpeg', '', '', '', '', 'Polychaeta']
['media_450905_frame_5484.jpeg', '', '', '', '', 'Actiniaria']
['media_450904_frame_8271.jpeg', '', '', '', '', 'Uroptychus sp.']
['media_450904_frame_1798.jpeg', '', '', '', '', 'Victorgorgia alba']
['media_450904_frame_6203.jpeg', '', '', '', '', 'Keratoisidinae']
['media_450941_frame_7912.jpeg', '', '', '', '', 'Chrysogorgia sp.']
['media_450893_frame_5064.jpeg', '', '', '', '', 'Aplacophora']
['media_450893_frame_7882.jpeg', '', '', '', '', 'Euryalidae']
['media_450893_frame_7522.jpeg', '', '', '', '', 'Octocorallia']
['media_450914_frame_6293.jpeg', '', '', '', '', 'Paragorgia sp.']
['media_450933_frame_2637.jpeg', '', '', '', '', 'Walteria sp.']
['media_450933_frame_8691.jpeg', '', '', '', '', 'Jasonisis sp.']
['media_450933_frame_5094.jpeg', '', '', '', '', 'Swiftia sp.']
['media_450933_frame_2187.jpeg', '', '', '', '', 'Uroptychus sp.']
['media_450884_frame_8001.jpeg', '', '', '', '', 'Keratoisidinae']
['media_450891_frame_7972.jpeg', '', '', '', '', 'Ophiacanthidae']
['media_450891_frame_8961.jpeg', '', '', '', '', 'Keratoisidinae']
['media_450891_frame_4045.jpeg', '', '', '', '', 'Euryalidae']
['media_450891_frame_4615.jpeg', '', '', '', '', 'Euryalidae']
['media_450897_frame_6833.jpeg', '', '', '', '', 'Zoantharia']
['media_450916_frame_8481.jpeg', '', '', '', '', 'Euryalidae']
['media_450877_frame_7762.jpeg', '', '', '', '', 'Keratoisidinae']
['media_450877_frame_1198.jpeg', '', '', '', '', 'Decapoda']
['media_450877_frame_6953.jpeg', '', '', '', '', 'Euryalidae']
['media_450890_frame_4195.jpeg', '', '', '', '', 'Ophiuroidea']
['media_450890_frame_809.jpeg', '', '', '', '', 'Euryalidae']
['media_450931_frame_8751.jpeg', '', '', '', '', 'Keratoisidinae']
['media_450927_frame_4915.jpeg', '', '', '', '', 'Walteria sp.']
['media_450886_frame_8211.jpeg', '', '', '', '', 'Tjalfiella sp.']
['media_450915_frame_6893.jpeg', '', '', '', '', 'Keratoisidinae']
['media_450915_frame_149.jpeg', '', '', '', '', 'Walteria sp.']
['media_447382_frame_1048.jpeg', '', '', '', '', 'Euryalidae']
['media_447382_frame_1048.jpeg', '', '', '', '', 'Bullagummizoanthus emilyacadiaarum']
['media_450721_frame_5604.jpeg', '', '', '', '', 'Ophiuroidea']
['media_450721_frame_5604.jpeg', '', '', '', '', 'Heteropathes sp.']
['media_448061_frame_749.jpeg', '', '', '', '', 'Mysida']
['media_451101_frame_3806.jpeg', '', '', '', '', 'Anthomastus sp.']
['media_450722_frame_2097.jpeg', '', '', '', '', 'Heteropathes sp.']
['media_451098_frame_4945.jpeg', '', '', '', '', 'Stolonifera']
['media_451098_frame_6053.jpeg', '', '', '', '', 'Chrysogorgia sp.']
['media_447378_frame_8541.jpeg', '', '', '', '', 'Chonelasma sp.']
['media_447378_frame_8691.jpeg', '', '', '', '', 'Goniasteridae']
['media_447377_frame_5214.jpeg', '', '', '', '', 'Saccocalyx sp.']
['media_450712_frame_7882.jpeg', '', '', '', '', 'Umbellapathes sp.']
['media_450712_frame_6353.jpeg', '', '', '', '', 'Chonelasma sp.']
['media_450710_frame_1978.jpeg', '', '', '', '', 'Trissopathes sp.']
['media_450710_frame_1738.jpeg', '', '', '', '', 'Stolonifera']
['media_447376_frame_6833.jpeg', '', '', '', '', 'Stolonifera']
['media_450720_frame_89.jpeg', '', '', '', '', 'Stolonifera']
['media_450501_frame_4345.jpeg', '', '', '', '', 'Psathyrometra sp.']
['media_450501_frame_4345.jpeg', '', '', '', '', 'Goniasteridae']
['media_451113_frame_8361.jpeg', '', '', '', '', 'Anthomastus sp.']
['media_447377_frame_7762.jpeg', '', '', '', '', 'Saccocalyx sp.']
['media_447376_frame_7342.jpeg', '', '', '', '', 'Stauropathes sp.']
['media_451109_frame_5784.jpeg', '', '', '', '', 'Mysida']
['media_447375_frame_5814.jpeg', '', '', '', '', 'Paragorgiidae']
['media_447435_frame_6443.jpeg', '', '', '', '', 'Hyalonema (Corynonema) sp.']
['media_451038_frame_1348.jpeg', '', '', '', '', 'Hydroidolina']
['media_451039_frame_7672.jpeg', '', '', '', '', 'Corbitellinae']
['media_451012_frame_629.jpeg', '', '', '', '', 'Hexactinellida']
['media_451047_frame_1558.jpeg', '', '', '', '', 'Amphianthus sp.']
['media_451053_frame_7102.jpeg', '', '', '', '', 'Ophiacanthidae']
['media_450766_frame_4075.jpeg', '', '', '', '', 'Corbitellinae']
['media_450766_frame_3236.jpeg', '', '', '', '', 'Keratoisidinae']
['media_451015_frame_809.jpeg', '', '', '', '', 'Hydroidolina']
['media_451007_frame_2637.jpeg', '', '', '', '', 'Hemicorallium sp.']
['media_451045_frame_2127.jpeg', '', '', '', '', 'Hertwigia sp.']
['media_451032_frame_5484.jpeg', '', '', '', '', 'Keratoisidinae']
['media_451028_frame_8331.jpeg', '', '', '', '', 'Keratoisidinae']
['media_447322_frame_4465.jpeg', '', '', '', '', 'Chrysogorgia sp.']
['media_447322_frame_2847.jpeg', '', '', '', '', 'Euryalidae']
['media_447419_frame_269.jpeg', '', '', '', '', 'Parazoanthidae']
['media_447806_frame_4405.jpeg', '', '', '', '', 'Chrysogorgia sp.']
['media_450474_frame_7972.jpeg', '', '', '', '', 'Walteria sp.']
['media_447805_frame_3956.jpeg', '', '', '', '', 'Amphipoda']
['media_450458_frame_8871.jpeg', '', '', '', '', 'Parazoanthidae']
['media_450460_frame_2037.jpeg', '', '', '', '', 'Decapoda']
['media_450460_frame_3896.jpeg', '', '', '', '', 'Parazoanthidae']
['media_450477_frame_659.jpeg', '', '', '', '', 'Paracalyptrophora sp.']
['media_450477_frame_1438.jpeg', '', '', '', '', 'Comatulida']
['media_450439_frame_3176.jpeg', '', '', '', '', 'Paragorgia sp.']
['media_450439_frame_8601.jpeg', '', '', '', '', 'Candidella gigantea']
['media_450439_frame_6323.jpeg', '', '', '', '', 'Hemicorallium sp.']
['media_450441_frame_419.jpeg', '', '', '', '', 'Euryalidae']
['media_450329_frame_5664.jpeg', '', '', '', '', 'Euryalidae']
['media_447804_frame_7462.jpeg', '', '', '', '', 'Parazoanthidae']
['media_450468_frame_4015.jpeg', '', '', '', '', 'Euryalidae']
['media_447803_frame_5604.jpeg', '', '', '', '', 'Euryalidae']
['media_450443_frame_8421.jpeg', '', '', '', '', 'Hydroidolina']
['media_450478_frame_2307.jpeg', '', '', '', '', 'Euryalidae']
['media_450440_frame_6593.jpeg', '', '', '', '', 'Comatulida']
['media_450456_frame_6293.jpeg', '', '', '', '', 'Keratoisidinae']
['media_450489_frame_8061.jpeg', '', '', '', '', 'Euryalidae']
['media_447801_frame_1438.jpeg', '', '', '', '', 'Keratoisidinae']
['media_450571_frame_4345.jpeg', '', '', '', '', 'Chrysogorgia sp.']
['media_450376_frame_2637.jpeg', '', '', '', '', 'Paragorgia sp.']
['media_450376_frame_7822.jpeg', '', '', '', '', 'Balanoidea']
['media_446213_frame_6172.jpeg', '', '', '', '', 'Actinopterygii']
['media_447810_frame_1318.jpeg', '', '', '', '', 'Rhodaniridogorgia sp.']
['media_447634_frame_4975.jpeg', '', '', '', '', 'Poecilasmatidae']
['media_447573_frame_8421.jpeg', '', '', '', '', 'Psathyrometra sp.']
['media_447571_frame_119.jpeg', '', '', '', '', 'Poecilasmatidae']
['media_447620_frame_7042.jpeg', '', '', '', '', 'Poecilasmatidae']
['media_446202_frame_4285.jpeg', '', '', '', '', 'Poecilasmatidae']
['media_447537_frame_899.jpeg', '', '', '', '', 'Hollardia goslinei']
['media_447506_frame_1168.jpeg', '', '', '', '', 'Bathypathes cf. conferta']
['media_447518_frame_2307.jpeg', '', '', '', '', 'Anthomastus sp.']
['media_446183_frame_5274.jpeg', '', '', '', '', 'Acanthogorgia sp.']
['media_447552_frame_7852.jpeg', '', '', '', '', 'Megalasma sp.']
['media_447552_frame_7852.jpeg', '', '', '', '', 'Actiniaria']
['media_447752_frame_8301.jpeg', '', '', '', '', 'Stereocidaris hawaiiensis']
['media_447555_frame_8121.jpeg', '', '', '', '', 'Kulamanamana haumeaae']
